1,2010-09-30,2013-06-19,992,13,86786238,13252259.84,15.27
2,2014-10-27,2016-07-31,643,13,49321282,22870277.12,46.37
3,2009-07-31,2012-06-12,1047,13,2004520,1264250.72,63.07
4,2015-01-09,2015-02-26,48,13,92137786,88710256.64,96.28
5,2009-10-04,2012-12-28,1181,13,34760141,34068413.44,98.01
6,2009-12-22,2016-04-03,2294,13,58860887,48936939.52,83.14
7,2011-07-21,2015-11-12,1574,13,13797170,12785836.8,92.67
8,2013-08-16,2017-05-21,1373,13,3113635,220756.72,7.09
9,2010-07-13,2017-06-06,2520,13,7670028,2322484.48,30.28
10,2006-09-29,2010-04-06,1285,13,75250322,41583326.72,55.26
11,2014-05-31,2016-08-14,805,13,47097338,37291671.04,79.18
12,2006-09-18,2008-02-19,519,13,92445911,69260477.44,74.92
13,2008-07-15,2011-04-07,995,13,94886092,51466219.52,54.24
14,2017-06-09,2017-06-11,1,13,70938352,65376788.48,92.16
15,2008-07-24,2009-05-31,311,13,19935199,13631688.96,68.38
16,2005-05-27,2010-03-06,1743,13,20493710,235677.66,1.15
17,2016-04-14,2016-10-15,184,13,65632405,57992791.04,88.36
18,2005-03-15,2008-05-18,1160,13,29109480,11268279.04,38.71
19,2011-12-21,2015-11-06,1416,13,99856975,78457625.6,78.57
20,2004-09-12,2007-01-07,846,13,88773639,3666351.36,4.13
21,2013-05-27,2016-03-17,1024,13,55450678,38693483.52,69.78
22,2007-09-17,2008-09-28,377,13,69475903,53274122.24,76.68
23,2014-05-31,2016-06-17,747,13,48872037,34366814.72,70.32
24,2005-10-16,2011-06-12,2064,13,25575979,2130479.04,8.33
25,2005-01-19,2016-05-23,4141,13,27757274,23482652.16,84.6
26,2013-08-16,2014-06-19,307,13,51378404,9618037.12,18.72
27,2011-01-05,2012-02-05,396,13,31206276,14039704.32,44.99
28,2014-11-09,2016-03-17,493,13,82310577,57386936.32,69.72
29,2007-11-30,2015-12-25,2947,13,67718593,46251801.6,68.3
30,2004-02-24,2005-06-27,488,13,85459394,47840168.96,55.98
31,2006-06-24,2007-03-27,275,13,54133208,5797666.56,10.71
32,2007-05-27,2008-05-08,347,13,71499770,58636958.72,82.01
33,2010-11-26,2011-02-17,83,13,50635842,18963121.92,37.45
34,2017-04-04,2017-04-05,0,13,96717962,67663882.24,69.96
35,2004-07-16,2015-04-18,3927,13,46007515,42846799.36,93.13
36,2017-03-29,2017-04-03,5,13,33439731,32242588.16,96.42
37,2008-06-25,2016-01-17,2761,13,75032379,51029519.36,68.01
38,2016-04-25,2016-12-26,244,13,83441349,48562867.2,58.2
39,2013-06-06,2014-07-31,420,13,14489754,2403850.24,16.59
40,2014-10-11,2015-03-09,148,13,45456797,7304906.88,16.07
41,2005-01-20,2006-10-19,637,13,68883601,43761751.04,63.53
42,2014-01-25,2014-10-29,277,13,28080953,22464762.88,80.0
43,2015-12-24,2016-11-08,320,13,94787661,28900759.04,30.49
44,2012-12-01,2016-11-17,1446,13,15952768,6743235.2,42.27
45,2005-02-05,2015-02-05,3651,13,85729413,65171496.96,76.02
46,2012-03-11,2017-03-24,1838,13,46694745,3399377.6,7.28
47,2005-02-11,2008-03-23,1136,13,53258947,51794324.48,97.25
48,2015-05-30,2016-01-01,216,13,96111588,39501859.84,41.1
49,2004-04-30,2007-04-17,1081,13,12552172,6721688.32,53.55
50,2009-02-24,2016-08-11,2725,13,54648550,22706472.96,41.55
51,2012-04-26,2016-04-23,1458,13,79115997,20008437.76,25.29
52,2015-05-17,2016-12-18,580,13,37456432,28702863.36,76.63
53,2008-10-13,2017-04-26,3117,13,40879528,9590336.64,23.46
54,2010-05-03,2011-06-27,419,13,3697788,2264155.52,61.23
55,2016-03-02,2016-10-30,241,13,50074073,6614784.64,13.21
56,2016-12-15,2017-05-17,152,13,49110405,26229867.52,53.41
57,2013-05-07,2015-04-29,722,13,14373594,11120849.92,77.37
58,2016-05-18,2017-03-06,291,13,69962842,7444046.72,10.64
59,2012-01-01,2017-05-30,1975,13,97568137,21182041.6,21.71
60,2015-05-11,2017-02-11,642,13,88239642,72330035.2,81.97
61,2006-12-02,2013-05-31,2372,13,36914270,35733017.6,96.8
62,2012-12-08,2016-01-12,1130,13,26521407,14016563.2,52.85
63,2010-05-30,2012-06-27,759,13,65198390,61645081.6,94.55
64,2014-05-08,2014-07-03,55,13,44673415,26652160,59.66
65,2016-02-23,2016-06-04,102,13,82578633,68986188.8,83.54
66,2014-05-16,2016-12-02,931,13,47827508,38262005.76,80.0
67,2010-07-07,2015-09-12,1892,13,54505184,42110707.2,77.26
68,2015-08-14,2016-04-23,253,13,43545625,40540974.08,93.1
69,2012-04-03,2017-02-28,1791,13,83658246,66617062.4,79.63
70,2004-11-04,2011-05-31,2398,13,57614686,9736881.92,16.9
71,2008-03-18,2016-01-29,2872,13,14796828,14517168.64,98.11
72,2008-09-23,2012-07-10,1386,13,88331144,54570977.28,61.78
73,2011-06-16,2016-01-11,1669,13,99875487,84055214.08,84.16
74,2013-10-30,2015-12-12,773,13,67961727,1739820.16,2.56
75,2009-01-03,2009-07-24,202,13,77177694,72253762.56,93.62
76,2014-06-01,2016-10-07,858,13,33386794,24966643.2,74.78
77,2014-10-08,2016-09-16,708,13,63814327,27510356.48,43.11
78,2012-11-05,2016-06-08,1310,13,74441976,38292951.04,51.44
79,2010-07-16,2014-05-24,1407,13,34871851,7668320,21.99
80,2004-05-21,2011-10-15,2702,13,6186720,4117880.64,66.56
81,2013-07-17,2015-07-30,742,13,61259589,12209035.52,19.93
82,2004-03-26,2014-04-05,3662,13,78274962,52866908.16,67.54
83,2014-12-16,2017-01-31,777,13,81340259,61338690.56,75.41
84,2006-09-11,2011-03-19,1649,13,49083334,28743201.28,58.56
85,2012-09-13,2016-01-25,1229,13,46172278,5351367.36,11.59
86,2015-03-01,2017-03-12,742,13,53575493,5357549.12,10.0
87,2010-03-18,2016-07-12,2307,13,95191739,34611714.56,36.36
88,2015-06-17,2016-05-02,319,13,86439445,25931.84,0.03
89,2015-03-24,2016-08-17,511,13,62561869,7601266.56,12.15
90,2005-01-08,2005-03-07,57,13,81578460,24546959.36,30.09
91,2010-08-30,2015-01-09,1592,13,83702564,41039365.12,49.03
92,2017-01-07,2017-02-24,47,13,91751386,68263029.76,74.4
93,2011-04-17,2016-11-23,2046,13,48356832,12040851.2,24.9
94,2008-08-24,2013-04-07,1686,13,27505760,15738796.8,57.22
95,2014-03-03,2015-12-10,647,13,94467401,88459274.24,93.64
96,2011-08-22,2013-04-12,598,13,47669932,24030412.8,50.41
97,2004-08-19,2010-08-27,2199,13,37183345,6678128,17.96
98,2016-09-03,2017-01-09,127,13,83103707,69300177.92,83.39
99,2005-10-02,2006-05-14,223,13,38919966,26714664.96,68.64
100,2009-07-26,2011-02-07,561,13,64353644,31185774.08,48.46
101,2008-08-19,2016-12-26,3051,13,32968478,14509427.2,44.01
102,2007-02-26,2016-04-11,3331,13,75930813,65619409.92,86.42
103,2016-08-07,2017-04-25,261,13,36020252,6566491.52,18.23
104,2009-03-04,2017-04-10,2959,13,28807609,3733465.92,12.96
105,2017-01-31,2017-05-24,113,13,21266972,5865431.04,27.58
106,2005-09-12,2009-04-06,1301,13,57728609,10523925.12,18.23
107,2008-08-25,2010-05-31,644,13,25212829,11116335.36,44.09
108,2015-07-09,2016-09-17,436,13,59378421,42889034.24,72.23
109,2013-07-02,2015-01-09,556,13,59746869,27794242.56,46.52
110,2007-04-04,2011-10-10,1650,13,34845628,27991493.12,80.33
111,2010-02-06,2011-07-22,531,13,2540924,2536858.4,99.84
112,2008-10-17,2009-01-04,79,13,79547489,75856486.4,95.36
113,2005-03-20,2012-06-24,2653,13,24978420,22862748.16,91.53
114,2004-10-08,2005-02-14,129,13,84619811,25191316.48,29.77
115,2014-04-19,2015-06-12,418,13,37502789,28892147.2,77.04
116,2014-02-04,2014-02-12,7,13,50427055,15677771.52,31.09
117,2011-06-29,2016-02-22,1699,13,100068664,99097999.36,99.03
118,2013-10-19,2016-12-13,1150,13,7608767,3442967.04,45.25
119,2005-02-12,2010-08-16,2011,13,40567599,26405450.24,65.09
120,2011-04-09,2013-04-26,748,13,14339815,421590.56,2.94
121,2013-03-29,2014-06-21,448,13,28342425,5362386.56,18.92
122,2011-09-03,2016-12-01,1916,13,17246904,4341045.76,25.17
123,2006-11-12,2012-11-01,2180,13,89297478,68928727.04,77.19
124,2014-08-23,2015-07-17,327,13,78234257,45219399.68,57.8
125,2009-02-20,2013-05-14,1544,13,17774272,4589317.12,25.82
126,2012-07-08,2014-05-29,689,13,21562667,10145235.2,47.05
127,2012-02-23,2015-12-22,1398,13,62461542,57277235.2,91.7
128,2013-07-14,2014-12-02,505,13,36217826,25790712.32,71.21
129,2012-04-12,2015-11-30,1327,13,37356228,5072975.68,13.58
130,2014-08-06,2017-01-21,898,13,92318241,68306263.04,73.99
131,2004-03-12,2005-07-15,490,13,49061211,35799966.72,72.97
132,2005-09-17,2016-11-21,4082,13,13983064,1968815.36,14.08
133,2014-09-23,2016-04-14,568,13,97566635,47778380.8,48.97
134,2005-10-30,2014-03-16,3058,13,17103200,9381104.64,54.85
135,2015-10-08,2016-07-27,292,13,91072694,87666575.36,96.26
136,2012-05-21,2017-06-09,1845,13,67622791,48228577.28,71.32
137,2016-08-25,2016-11-20,87,13,64383981,63868907.52,99.2
138,2013-10-28,2015-02-26,485,13,825878,355457.88,43.04
139,2005-03-15,2005-03-30,15,13,71486635,30689210.88,42.93
140,2010-05-13,2016-07-25,2265,13,2889551,243878.1,8.44
141,2008-08-05,2013-11-21,1934,13,7613800,3841923.52,50.46
142,2012-02-18,2015-03-24,1129,13,14419548,85075.33,0.59
143,2016-08-26,2017-05-20,267,13,64169905,34536243.2,53.82
144,2016-06-03,2016-08-05,63,13,94340836,57642245.12,61.1
145,2005-04-22,2008-06-01,1136,13,41663786,27618923.52,66.29
146,2015-06-03,2016-06-05,368,13,20959250,920111.04,4.39
147,2007-01-24,2015-06-07,3056,13,100272628,73750517.76,73.55
148,2005-10-21,2013-08-16,2856,13,59095501,24175969.28,40.91
149,2009-08-19,2014-11-09,1907,13,61475878,11526727.68,18.75
150,2016-05-21,2017-04-16,330,13,64321440,21541250.56,33.49
151,2017-03-04,2017-04-24,51,13,35935341,15772020.48,43.89
152,2011-03-18,2012-06-02,441,13,79117398,61648276.48,77.92
153,2013-06-03,2013-07-30,56,13,46827012,44560588.8,95.16
154,2014-05-19,2017-02-05,993,13,86552563,71449139.2,82.55
155,2009-07-07,2015-11-04,2310,13,20046656,19501386.24,97.28
156,2015-09-12,2016-06-06,268,13,12965637,9616612.48,74.17
157,2013-06-22,2016-09-17,1183,13,60464135,40819338.24,67.51
158,2010-06-28,2011-10-01,459,13,81432958,18240983.04,22.4
159,2011-08-08,2012-04-20,255,13,32970270,31018429.44,94.08
160,2008-01-08,2014-02-03,2218,13,56479383,14972684.8,26.51
161,2004-04-21,2011-11-11,2759,13,38240069,18068432.64,47.25
162,2008-07-05,2015-10-26,2668,13,41649721,20549972.48,49.34
163,2015-03-28,2016-06-22,451,13,32452469,17401012.48,53.62
164,2011-04-29,2015-08-27,1581,13,84132660,26375587.84,31.35
165,2006-12-01,2015-02-23,3005,13,84516674,66108943.36,78.22
166,2014-06-25,2017-06-10,1081,13,91346446,78969000.96,86.45
167,2008-04-29,2013-01-01,1708,13,16101862,9202214.4,57.15
168,2005-07-08,2014-06-07,3255,13,74802016,44903649.28,60.03
169,2016-08-04,2016-10-02,58,13,17769281,12410064.64,69.84
170,2008-10-19,2015-11-18,2585,13,95450208,9850461.44,10.32
171,2006-10-31,2012-06-25,2064,13,71369347,47524843.52,66.59
172,2009-04-29,2017-04-05,2898,13,27627768,13963074.56,50.54
173,2009-11-13,2009-11-23,10,13,48468189,3194053.76,6.59
174,2016-03-21,2016-08-09,140,13,706454,235531.76,33.34
175,2005-02-07,2012-03-27,2604,13,12960953,7897108.48,60.93
176,2013-07-30,2017-02-16,1297,13,56605096,52755947.52,93.2
177,2016-08-01,2017-06-11,313,13,49304538,43738055.68,88.71
178,2014-01-21,2014-04-17,86,13,92066192,50857364.48,55.24
179,2009-12-29,2015-11-19,2150,13,64461801,32688578.56,50.71
180,2013-05-29,2015-06-29,760,13,57723672,44199014.4,76.57
181,2010-09-12,2014-04-19,1314,13,84062365,73470510.08,87.4
182,2017-04-13,2017-04-26,12,13,95151823,6670143.36,7.01
183,2004-03-09,2005-05-16,432,13,63486637,40504473.6,63.8
184,2013-05-07,2015-08-10,825,13,24105821,7214871.68,29.93
185,2012-03-21,2013-10-18,575,13,84973863,41271805.44,48.57
186,2005-07-27,2007-03-24,605,13,47923570,33110392.32,69.09
187,2007-01-25,2013-12-03,2503,13,13094133,6973934.72,53.26
188,2015-09-20,2017-02-02,501,13,55740009,27089643.52,48.6
189,2016-06-07,2016-10-21,136,13,94984059,80223534.08,84.46
190,2007-12-02,2010-12-06,1099,13,78193290,66323548.16,84.82
191,2010-01-07,2010-11-29,326,13,9063428,7847116.16,86.58
192,2010-11-05,2014-03-22,1232,13,20707495,205004.22,0.99
193,2015-11-05,2016-03-04,120,13,82680401,35932899.84,43.46
194,2012-08-11,2014-02-06,543,13,48471970,36378214.4,75.05
195,2007-03-04,2014-12-11,2838,13,3864526,3546861.76,91.78
196,2014-06-08,2016-07-28,780,13,51746970,22308119.04,43.11
197,2005-03-17,2009-12-08,1726,13,54658005,9089625.6,16.63
198,2011-09-19,2013-11-08,780,13,27211472,14147244.8,51.99
199,2009-10-02,2010-02-11,132,13,95472348,59431536.64,62.25
200,2008-12-19,2015-04-03,2296,13,100224274,43627622.4,43.53
201,2009-10-02,2014-08-14,1776,13,94478871,3372895.68,3.57
202,2014-06-04,2014-12-06,185,13,56904328,14812197.12,26.03
203,2006-12-31,2010-10-07,1375,13,80112571,40609059.84,50.69
204,2010-04-18,2012-11-20,947,13,94196693,57186810.88,60.71
205,2004-04-25,2005-02-16,297,13,13288974,8018567.04,60.34
206,2004-03-01,2008-06-14,1565,13,33646463,29830955.52,88.66
207,2005-09-25,2016-01-14,3762,13,23547694,9784066.56,41.55
208,2006-08-08,2015-07-09,3257,13,28400936,4126656,14.53
209,2006-01-08,2016-02-20,3694,13,60306792,30261949.44,50.18
210,2016-11-12,2016-11-19,6,13,30695783,27107445.76,88.31
211,2014-10-05,2016-03-10,522,13,78722731,59734804.48,75.88
212,2012-06-26,2014-03-04,615,13,32204609,31705436.16,98.45
213,2012-10-17,2014-01-18,458,13,71407080,44465187.84,62.27
214,2011-12-24,2013-01-30,403,13,99842507,93722163.2,93.87
215,2004-07-07,2008-05-16,1409,13,17047592,15042794.24,88.24
216,2004-06-08,2014-04-29,3612,13,53232802,7005436.16,13.16
217,2010-02-22,2012-01-08,684,13,33861985,31027735.04,91.63
218,2005-09-18,2012-01-02,2297,13,10415727,5815100.8,55.83
219,2013-03-14,2016-10-07,1302,13,26115893,23598320.64,90.36
220,2015-11-23,2017-03-31,493,13,93477871,32520952.32,34.79
221,2008-09-24,2013-03-30,1648,13,90533770,42795312.64,47.27
222,2012-03-07,2013-04-13,401,13,56507320,53195991.04,94.14
223,2014-08-09,2017-05-24,1018,13,33815245,21192012.8,62.67
224,2009-11-01,2013-08-13,1381,13,81079283,16361798.4,20.18
225,2009-08-07,2016-02-18,2386,13,35054197,2643086.4,7.54
226,2006-01-03,2006-12-04,335,13,99747563,30452930.56,30.53
227,2016-01-06,2016-02-03,28,13,82753934,3334983.68,4.03
228,2007-02-24,2012-03-16,1847,13,93512795,8107559.04,8.67
229,2014-06-29,2014-07-03,3,13,25456640,22549491.2,88.58
230,2011-01-31,2013-12-26,1059,13,51383673,45197076.48,87.96
231,2016-10-29,2017-04-03,155,13,35973012,5834822.4,16.22
232,2010-04-24,2017-06-01,2595,13,53078429,39182494.72,73.82
233,2009-08-05,2014-03-27,1694,13,56942329,45155266.56,79.3
234,2011-06-11,2011-11-09,150,13,35174399,10450313.6,29.71
235,2011-09-02,2013-02-04,520,13,56008301,47242997.76,84.35
236,2010-05-25,2011-03-29,307,13,44088639,11216149.76,25.44
237,2011-01-10,2013-02-24,775,13,78425704,73014328.32,93.1
238,2014-04-03,2015-07-12,465,13,76918148,73318374.4,95.32
239,2010-02-06,2013-06-21,1231,13,952479,405565.56,42.58
240,2009-05-26,2011-06-14,748,13,71777691,26658232.32,37.14
241,2012-08-05,2014-07-19,712,13,94163659,20904332.8,22.2
242,2014-12-06,2015-03-02,86,13,72386369,8642931.84,11.94
243,2012-10-03,2013-06-23,262,13,44546002,23542561.28,52.85
244,2009-01-09,2011-08-07,940,13,28728116,22100538.88,76.93
245,2009-08-11,2011-05-12,639,13,15068405,11010483.2,73.07
246,2015-01-24,2015-01-28,3,13,75794517,58058603.52,76.6
247,2007-05-30,2013-04-25,2156,13,2639855,1849218.56,70.05
248,2004-07-05,2011-08-08,2589,13,71525105,58836551.68,82.26
249,2006-09-26,2016-04-30,3504,13,70505125,68601492.48,97.3
250,2015-07-22,2016-02-28,221,13,49546506,23430543.36,47.29
251,2016-11-08,2017-02-13,96,13,48952917,16472656.64,33.65
252,2006-10-09,2017-05-19,3875,13,67360896,36745367.04,54.55
253,2013-03-11,2016-08-04,1242,13,90157525,23837649.92,26.44
254,2009-08-25,2012-05-19,997,13,19504527,2765742.08,14.18
255,2008-04-20,2008-11-07,201,13,59504969,52536934.4,88.29
256,2005-07-03,2012-07-23,2577,13,42111868,2143494.08,5.09
257,2005-02-16,2015-06-20,3775,13,18997335,11312913.92,59.55
258,2013-02-16,2017-04-13,1517,13,6723966,369145.72,5.49
259,2014-05-16,2015-10-11,513,13,34839761,24837265.92,71.29
260,2012-12-19,2016-01-24,1130,13,90926040,70176716.8,77.18
261,2004-04-23,2012-05-11,2939,13,53192723,41750968.32,78.49
262,2012-06-09,2013-11-15,523,13,11397971,126517.48,1.11
263,2009-10-25,2013-02-28,1221,13,92543387,51815040,55.99
264,2005-09-15,2010-02-20,1619,13,5193927,1891628.16,36.42
265,2008-11-09,2014-02-11,1919,13,90324045,53381509.12,59.1
266,2006-01-01,2015-03-23,3367,13,76515612,64005314.56,83.65
267,2014-09-08,2016-01-05,484,13,28409832,1505721.12,5.3
268,2005-02-01,2006-04-01,424,13,46541129,27072972.8,58.17
269,2009-05-18,2014-07-21,1890,13,48944805,14947744,30.54
270,2004-12-10,2017-03-03,4465,13,57139158,40431669.76,70.76
271,2010-04-16,2011-01-15,273,13,57105397,42794785.28,74.94
272,2009-02-23,2016-07-30,2714,13,13063726,8751390.08,66.99
273,2006-01-15,2016-10-16,3926,13,84963395,78888509.44,92.85
274,2016-02-29,2016-08-29,182,13,88737380,51520921.6,58.06
275,2004-02-12,2009-07-31,1995,13,18640484,9467502.08,50.79
276,2005-04-15,2012-09-15,2710,13,25806544,2753558.4,10.67
277,2011-01-03,2016-10-05,2102,13,95397324,16952106.24,17.77
278,2011-06-19,2013-11-27,892,13,8556359,3691213.12,43.14
279,2012-02-26,2014-11-23,1001,13,53924747,53277655.04,98.8
280,2007-07-07,2012-06-26,1816,13,61684634,13367059.2,21.67
281,2011-02-24,2016-04-19,1880,13,22901128,17837688.32,77.89
282,2011-01-19,2012-05-10,477,13,58640512,46842040.32,79.88
283,2015-08-02,2016-07-22,354,13,42334804,23893762.56,56.44
284,2005-10-04,2008-05-22,960,13,85512257,82254238.72,96.19
285,2015-04-09,2016-12-26,626,13,66132261,1124248.48,1.7
286,2012-09-08,2012-09-17,9,13,67109359,9287935.36,13.84
287,2010-04-01,2010-05-16,45,13,56882959,18469898.24,32.47
288,2010-11-26,2014-07-05,1317,13,40867998,3069186.88,7.51
289,2005-08-11,2012-10-11,2618,13,100466292,98878914.56,98.42
290,2013-06-23,2016-07-30,1133,13,3041210,2987380.8,98.23
291,2013-12-23,2014-01-25,33,13,96463892,47952199.68,49.71
292,2009-06-25,2012-11-04,1227,13,52873420,28874176,54.61
293,2007-06-27,2008-01-19,206,13,53974866,11502042.88,21.31
294,2007-11-13,2011-06-07,1301,13,36666665,25696000,70.08
295,2016-06-26,2016-12-07,163,13,85842969,62124559.36,72.37
296,2007-06-25,2013-06-28,2194,13,55481181,20361593.6,36.7
297,2012-02-16,2013-03-11,389,13,12612568,5400701.44,42.82
298,2009-08-15,2013-02-22,1286,13,71446329,70688998.4,98.94
299,2014-12-29,2016-07-31,579,13,47525314,30943731.2,65.11
300,2014-04-23,2015-12-01,586,13,3175213,2127710.24,67.01
301,2010-08-17,2013-09-23,1132,13,31919886,26407321.6,82.73
302,2009-01-15,2015-02-17,2223,13,14873517,138323.71,0.93
303,2005-06-27,2010-03-31,1738,13,18307852,13599072,74.28
304,2004-04-28,2005-10-26,545,13,24925655,20922595.84,83.94
305,2014-04-23,2015-04-25,366,13,43403754,42770058.24,98.54
306,2013-12-24,2015-06-15,538,13,41116630,29809559.04,72.5
307,2011-10-07,2012-09-16,344,13,26558804,19754437.12,74.38
308,2011-06-10,2011-09-05,86,13,9175105,7216220.16,78.65
309,2011-10-16,2012-07-01,259,13,38738528,37882406.4,97.79
310,2009-10-14,2012-04-19,918,13,71134593,6074894.08,8.54
311,2014-03-25,2014-09-01,159,13,67974089,40920401.92,60.2
312,2010-01-06,2011-06-03,513,13,63770455,60269460.48,94.51
313,2016-07-26,2016-10-19,84,13,5608137,5371473.28,95.78
314,2004-04-12,2014-08-29,3791,13,50670405,29368565.76,57.96
315,2016-06-18,2016-07-10,22,13,2824847,446043.36,15.79
316,2011-01-25,2012-11-11,655,13,22744169,2879411.52,12.66
317,2017-06-01,2017-06-08,7,13,96378643,69729945.6,72.35
318,2004-02-16,2004-11-26,283,13,12919386,7295577.6,56.47
319,2009-05-24,2012-06-01,1103,13,21910361,3862796.16,17.63
320,2013-11-03,2016-01-13,801,13,27887835,25921743.36,92.95
321,2008-12-24,2014-01-10,1843,13,89981351,47465164.8,52.75
322,2017-04-16,2017-05-01,14,13,100096936,78766279.68,78.69
323,2014-07-19,2016-06-03,684,13,40522067,14604153.6,36.04
324,2011-10-07,2015-02-02,1213,13,97192422,94160015.36,96.88
325,2011-06-29,2014-02-19,965,13,5586954,3040979.2,54.43
326,2013-09-22,2015-03-02,526,13,40091207,38375303.68,95.72
327,2007-04-25,2010-11-12,1296,13,41809123,41721326.08,99.79
328,2010-03-05,2011-05-01,422,13,49156099,28397478.4,57.77
329,2004-10-07,2011-09-16,2535,13,44118168,32051850.24,72.65
330,2007-12-21,2012-09-16,1730,13,19971340,13041285.12,65.3
331,2007-04-29,2015-12-15,3151,13,75111151,37262643.2,49.61
332,2010-11-15,2012-03-22,492,13,14465242,9074046.08,62.73
333,2015-05-03,2015-08-23,111,13,44394420,41073715.2,92.52
334,2012-11-27,2013-06-10,195,13,63591225,24393594.88,38.36
335,2011-07-15,2013-11-23,862,13,64156070,29819742.72,46.48
336,2014-03-28,2017-02-22,1062,13,22024613,17806897.92,80.85
337,2005-08-03,2009-03-04,1309,13,76730426,47273615.36,61.61
338,2016-01-11,2016-02-15,35,13,37557766,15545159.68,41.39
339,2015-12-02,2016-12-11,374,13,36264673,28032591.36,77.3
340,2005-12-25,2012-12-16,2547,13,34760145,20254736.64,58.27
341,2011-11-28,2012-02-09,73,13,99049355,54061137.92,54.58
342,2012-01-23,2013-06-12,505,13,468373,227207.74,48.51
343,2005-08-13,2013-12-31,3062,13,84157565,74218562.56,88.19
344,2015-09-19,2016-06-20,274,13,46969972,36373547.52,77.44
345,2005-02-24,2013-04-12,2968,13,51747745,4015624.96,7.76
346,2013-03-13,2015-06-29,838,13,81991867,32936130.56,40.17
347,2004-07-12,2015-05-29,3973,13,83413900,25040855.04,30.02
348,2015-03-16,2016-08-31,533,13,86056378,33811550.72,39.29
349,2017-02-06,2017-04-06,58,13,70423263,3042285.12,4.32
350,2007-12-09,2014-12-19,2567,13,22006956,11929971.2,54.21
351,2005-07-08,2016-01-07,3834,13,50143349,8795143.68,17.54
352,2011-06-30,2014-10-16,1204,13,27687540,7226448,26.1
353,2008-09-05,2014-06-05,2099,13,86949630,75159265.28,86.44
354,2013-04-21,2015-01-20,638,13,49167075,39112409.6,79.55
355,2011-11-24,2012-12-16,388,13,91673539,86622320.64,94.49
356,2014-03-17,2015-08-15,516,13,78293118,58939059.2,75.28
357,2010-07-30,2016-10-28,2281,13,33910237,17412906.24,51.35
358,2004-10-12,2009-07-15,1737,13,19436565,16456938.24,84.67
359,2016-09-09,2016-11-26,78,13,37746143,7201964.16,19.08
360,2016-05-21,2017-05-25,369,13,10024196,5552401.92,55.39
361,2017-04-03,2017-04-04,1,13,75040795,35719416.32,47.6
362,2004-03-17,2016-01-10,4315,13,2982582,37282.28,1.25
363,2015-10-24,2016-11-11,384,13,32971171,7517427.2,22.8
364,2009-09-12,2015-09-22,2200,13,89138164,7148880.64,8.02
365,2012-03-30,2017-04-02,1829,13,13370899,9751396.48,72.93
366,2016-08-18,2017-01-11,145,13,19743981,17485268.48,88.56
367,2009-01-02,2012-05-14,1227,13,19520822,12009209.6,61.52
368,2008-03-15,2011-06-06,1178,13,94226317,19109098.24,20.28
369,2014-12-06,2016-01-16,406,13,63338914,31960814.08,50.46
370,2013-05-02,2013-06-30,58,13,40896088,36626534.4,89.56
371,2004-07-30,2012-12-23,3067,13,31018708,29049021.44,93.65
372,2014-02-20,2016-11-17,1001,13,23299941,21880975.36,93.91
373,2014-05-30,2016-05-19,719,13,80347287,13434065.92,16.72
374,2009-01-02,2013-04-01,1550,13,22368605,9652053.12,43.15
375,2004-04-22,2011-02-13,2488,13,53962678,31514206.72,58.4
376,2004-11-22,2017-04-02,4514,13,76411876,74119516.16,97.0
377,2006-10-31,2008-08-02,640,13,35814530,13720546.56,38.31
378,2005-03-30,2012-06-20,2638,13,84032136,61982105.6,73.76
379,2008-07-04,2015-09-21,2634,13,9408957,1332308.32,14.16
380,2016-02-27,2016-04-29,61,13,15306254,580107.04,3.79
381,2011-09-19,2013-11-21,793,13,88584454,40031313.92,45.19
382,2010-07-26,2016-07-23,2189,13,93429251,77079132.16,82.5
383,2014-08-08,2016-04-17,618,13,1067191,1063242.4,99.63
384,2008-02-13,2010-12-02,1022,13,11371153,3528468.8,31.03
385,2015-12-13,2016-03-27,105,13,13511504,8806798.08,65.18
386,2007-06-12,2011-08-24,1533,13,13213105,8448458.88,63.94
387,2006-10-26,2016-11-06,3664,13,7383952,239978.44,3.25
388,2014-10-30,2016-04-27,545,13,47659202,23248156.16,48.78
389,2015-10-10,2015-12-16,66,13,49842227,29252403.2,58.69
390,2016-01-14,2016-01-15,1,13,87692573,18660980.48,21.28
391,2014-12-21,2016-06-14,541,13,29442490,28968465.92,98.39
392,2016-03-03,2017-01-02,304,13,60738926,22157560.32,36.48
393,2009-10-30,2017-05-30,2769,13,55695061,6867200.64,12.33
394,2008-11-29,2014-04-13,1961,13,17781738,5770174.08,32.45
395,2014-10-22,2017-01-09,810,13,78511272,68995701.76,87.88
396,2012-03-22,2012-03-29,7,13,33240600,15766017.28,47.43
397,2013-06-15,2014-02-15,245,13,45764289,1697855.04,3.71
398,2012-11-17,2015-07-02,956,13,96403197,30299525.12,31.43
399,2013-09-26,2015-12-15,810,13,28932437,15041973.76,51.99
400,2004-09-08,2015-11-09,4079,13,5432550,5337480.32,98.25
401,2004-12-17,2007-03-05,807,13,25593095,2006498.72,7.84
402,2016-07-26,2017-04-19,267,13,59525435,28125767.68,47.25
403,2013-05-25,2016-11-24,1279,13,240858,227369.96,94.4
404,2008-11-01,2010-01-06,431,13,74047054,66797849.6,90.21
405,2010-01-19,2014-10-15,1730,13,69608521,27028989.44,38.83
406,2008-09-27,2017-05-29,3165,13,75422873,18214622.72,24.15
407,2007-06-19,2009-08-24,796,13,25755760,25642434.56,99.56
408,2004-04-14,2010-12-21,2442,13,43673416,42847989.76,98.11
409,2017-04-30,2017-05-24,24,13,48145100,20899787.52,43.41
410,2011-07-15,2012-10-03,445,13,1526774,1984.81,0.13
411,2010-11-17,2013-01-23,797,13,39076447,2008529.44,5.14
412,2017-02-22,2017-06-11,109,13,52775068,9462569.6,17.93
413,2014-05-25,2016-07-17,783,13,69643294,44683141.12,64.16
414,2015-06-09,2015-09-17,99,13,52738028,34822919.68,66.03
415,2010-09-13,2012-04-22,587,13,86671233,27171430.4,31.35
416,2006-06-03,2008-09-27,847,13,69604736,5234276.16,7.52
417,2008-09-28,2016-03-30,2740,13,39719896,12789807.36,32.2
418,2015-04-06,2015-05-04,28,13,83840559,67474887.68,80.48
419,2009-12-13,2010-08-13,242,13,79926183,12860122.88,16.09
420,2007-08-11,2009-06-07,665,13,93515507,79675207.68,85.2
421,2005-04-13,2015-03-02,3609,13,16857059,12052797.44,71.5
422,2007-06-23,2008-10-09,474,13,32236099,22484679.68,69.75
423,2009-12-12,2012-10-21,1043,13,95158171,94111426.56,98.9
424,2012-11-12,2016-01-03,1146,13,14974931,1886841.44,12.6
425,2014-03-02,2017-04-04,1128,13,61101611,15165419.52,24.82
426,2016-11-08,2017-05-04,177,13,64338465,64203356.16,99.79
427,2010-08-25,2016-02-01,1986,13,6083879,4993648,82.08
428,2005-08-19,2013-08-06,2908,13,46112579,26888245.76,58.31
429,2012-12-17,2014-12-03,716,13,770831,242195.1,31.42
430,2008-05-03,2014-08-17,2296,13,55669945,29866926.08,53.65
431,2004-02-19,2013-08-25,3474,13,45107822,20794705.92,46.1
432,2017-06-13,2017-06-13,0,13,47132014,41975772.16,89.06
433,2015-07-03,2017-02-15,592,13,59990561,25801937.92,43.01
434,2009-02-24,2016-04-18,2609,13,18851963,11512894.72,61.07
435,2013-11-28,2014-07-09,222,13,40022349,30697139.2,76.7
436,2004-06-16,2012-09-30,3027,13,3718348,2169656,58.35
437,2016-07-23,2016-11-22,121,13,2549247,1444403.36,56.66
438,2013-01-20,2016-12-28,1438,13,365454,45097.03,12.34
439,2014-08-11,2015-03-11,212,13,52603836,6138867.84,11.67
440,2009-08-18,2009-09-25,38,13,61072744,59576463.36,97.55
441,2011-03-31,2015-11-19,1693,13,97295199,36942988.8,37.97
442,2007-09-20,2013-08-15,2156,13,75926715,50187555.84,66.1
443,2012-05-31,2013-07-12,407,13,78145660,25483302.4,32.61
444,2016-08-23,2017-04-12,231,13,82283479,4484449.6,5.45
445,2009-08-26,2013-06-21,1394,13,65045747,50898298.88,78.25
446,2015-07-14,2015-10-06,84,13,96286113,72927098.88,75.74
447,2004-12-04,2012-03-04,2646,13,20613872,10886186.24,52.81
448,2014-02-14,2017-01-11,1061,13,16697599,4889056.96,29.28
449,2010-08-27,2017-05-19,2456,13,88466801,59325834.24,67.06
450,2015-07-17,2015-09-30,75,13,92034191,44820654.08,48.7
451,2016-12-15,2017-05-23,158,13,70179306,8968914.56,12.78
452,2009-05-26,2009-08-18,84,13,65229870,57337057.28,87.9
453,2016-03-22,2017-03-13,356,13,53983707,41286740.48,76.48
454,2008-12-06,2017-02-01,2978,13,60649499,17103159.04,28.2
455,2012-09-10,2013-03-06,177,13,48290209,6968277.12,14.43
456,2005-01-18,2006-03-24,430,13,87351803,23095815.68,26.44
457,2010-12-19,2011-09-05,260,13,84392972,3763926.72,4.46
458,2015-05-21,2016-05-20,365,13,64940595,44516782.08,68.55
459,2014-12-30,2016-03-23,449,13,73338977,57035719.68,77.77
460,2012-02-20,2013-01-13,327,13,83079705,12237639.68,14.73
461,2011-10-03,2014-12-30,1183,13,59953280,31259640.32,52.14
462,2008-08-18,2009-10-28,435,13,97758103,10880477.44,11.13
463,2005-02-28,2012-07-05,2683,13,86898940,10566911.36,12.16
464,2008-04-12,2015-06-13,2617,13,82455371,44459934.72,53.92
465,2012-11-08,2016-09-16,1407,13,79925239,66953369.6,83.77
466,2011-05-28,2015-12-07,1653,13,1190889,729062.24,61.22
467,2006-05-16,2009-12-18,1311,13,63851096,39236497.92,61.45
468,2011-09-08,2015-09-07,1459,13,88472748,65027471.36,73.5
469,2006-10-01,2009-12-29,1184,13,62135804,34839544.32,56.07
470,2006-04-10,2014-10-11,3105,13,18208972,12596966.4,69.18
471,2013-02-28,2013-03-03,2,13,21625635,5834596.48,26.98
472,2006-08-08,2015-04-21,3178,13,93477018,8291411.2,8.87
473,2015-05-01,2016-11-17,565,13,94310284,19597678.08,20.78
474,2017-02-25,2017-03-05,7,13,74654286,68696872.96,92.02
475,2006-10-26,2009-12-10,1141,13,3176995,2694727.04,84.82
476,2011-08-17,2015-08-04,1448,13,9101121,6060435.84,66.59
477,2017-05-11,2017-05-24,13,13,36133949,1947619.68,5.39
478,2005-05-05,2016-09-19,4155,13,62593262,49254640.64,78.69
479,2007-08-26,2015-03-25,2768,13,71012021,59955450.88,84.43
480,2013-03-27,2013-05-19,52,13,91477171,60219422.72,65.83
481,2017-02-23,2017-05-24,89,13,31190692,22594536.96,72.44
482,2015-06-26,2016-08-21,422,13,20264166,8281964.16,40.87
483,2012-11-19,2013-12-31,407,13,78364761,59361305.6,75.75
484,2015-01-15,2017-01-06,722,13,31797561,4658342.4,14.65
485,2004-12-15,2009-10-17,1767,13,67682318,23722652.16,35.05
486,2013-09-12,2015-07-17,672,13,15481369,13235022.08,85.49
487,2015-08-22,2017-03-18,574,13,20355090,18073285.12,88.79
488,2013-12-29,2016-04-06,828,13,43879341,17652657.92,40.23
489,2005-08-05,2013-01-02,2707,13,98159023,89795880.96,91.48
490,2004-04-12,2007-06-11,1155,13,88241405,42726487.04,48.42
491,2010-02-09,2010-12-20,314,13,84119995,1253387.92,1.49
492,2010-01-01,2011-02-18,412,13,77449660,22963824.64,29.65
493,2007-12-18,2014-03-19,2283,13,92220201,38529597.44,41.78
494,2007-04-23,2009-12-02,954,13,45266617,26512657.92,58.57
495,2009-12-01,2016-02-02,2253,13,98098365,31636723.2,32.25
496,2004-04-05,2013-11-02,3497,13,18756664,3771965.12,20.11
497,2014-04-25,2014-05-03,8,13,20540476,8631107.84,42.02
498,2011-08-05,2012-02-11,190,13,83361430,51233935.36,61.46
499,2011-03-26,2016-10-19,2034,13,100544945,96261724.16,95.74
500,2006-04-29,2012-03-07,2139,13,98186947,30261214.72,30.82
501,2007-08-27,2009-10-23,787,13,57474900,23547466.24,40.97
502,2009-12-26,2016-01-06,2202,13,33084783,21376079.36,64.61
503,2015-08-20,2017-04-12,600,13,16313841,5525497.6,33.87
504,2010-04-14,2016-04-06,2184,13,19603962,12485762.56,63.69
505,2004-11-03,2011-12-01,2583,13,66507026,60368424.96,90.77
506,2013-02-01,2016-05-30,1213,13,90329933,53168199.68,58.86
507,2009-04-17,2014-04-08,1817,13,48281946,33362823.68,69.1
508,2010-07-24,2014-05-24,1399,13,66692094,59349294.08,88.99
509,2008-09-18,2016-10-05,2939,13,53508903,12285643.52,22.96
510,2005-03-16,2009-07-25,1591,13,41828238,31103480.32,74.36
511,2013-05-30,2016-05-02,1068,13,29292151,10510024.32,35.88
512,2009-10-18,2010-11-30,408,13,19934666,5208928,26.13
513,2015-01-20,2017-06-14,876,13,14834399,2766615.36,18.65
514,2013-08-28,2016-03-25,939,13,73981646,27262236.16,36.85
515,2004-09-09,2015-07-03,3949,13,8544981,6573653.76,76.93
516,2007-03-04,2015-09-17,3118,13,79705967,14514456.32,18.21
517,2007-05-26,2013-03-21,2125,13,47439179,39545300.48,83.36
518,2011-03-01,2014-08-22,1269,13,5120939,3383916.48,66.08
519,2015-11-17,2017-03-24,492,13,85514614,23174461.44,27.1
520,2006-10-26,2012-03-08,1959,13,93168789,43817282.56,47.03
521,2015-04-15,2015-06-21,66,13,60876243,45450204.16,74.66
522,2017-05-17,2017-05-22,4,13,27561666,12849248,46.62
523,2008-07-06,2015-08-09,2589,13,1694303,203824.64,12.03
524,2006-07-16,2016-01-26,3480,13,4832183,4512292.48,93.38
525,2005-03-28,2008-01-12,1019,13,26068600,427525.04,1.64
526,2013-05-25,2015-02-01,617,13,6818151,2987032,43.81
527,2009-05-04,2016-06-18,2602,13,10691999,1122659.92,10.5
528,2016-03-18,2016-08-29,163,13,92253004,91090616.32,98.74
529,2005-12-31,2016-06-19,3822,13,92000304,35723719.68,38.83
530,2016-09-25,2017-02-26,154,13,14873797,331685.68,2.23
531,2012-08-10,2013-06-16,310,13,89136093,75213035.52,84.38
532,2012-07-26,2015-03-05,952,13,7004966,6679935.36,95.36
533,2005-10-26,2011-04-28,2009,13,26704362,8532044.16,31.95
534,2013-07-06,2016-07-26,1115,13,45156878,28295301.12,62.66
535,2013-10-23,2014-04-19,177,13,80188966,54488401.92,67.95
536,2011-10-24,2011-12-12,49,13,62506342,45392107.52,72.62
537,2013-10-22,2015-06-12,597,13,27656669,5025216.64,18.17
538,2014-12-16,2017-03-30,834,13,41758859,18428185.6,44.13
539,2013-04-02,2013-06-06,65,13,40598148,15183708.16,37.4
540,2005-12-29,2009-03-22,1178,13,95363626,62615756.8,65.66
541,2013-02-05,2017-04-13,1527,13,56367795,54552750.08,96.78
542,2005-04-13,2015-06-11,3711,13,76624625,13562558.72,17.7
543,2005-05-26,2006-03-11,288,13,64457057,48716646.4,75.58
544,2007-05-17,2011-03-07,1390,13,73333537,21655393.28,29.53
545,2013-03-10,2015-05-05,785,13,6518448,2731229.76,41.9
546,2017-06-02,2017-06-09,6,13,420023,117732.45,28.03
547,2017-04-16,2017-05-19,32,13,55259573,3746599.04,6.78
548,2014-02-28,2015-07-03,490,13,73580312,17372312.32,23.61
549,2010-04-26,2014-03-16,1420,13,46235946,44451235.84,96.14
550,2013-04-18,2013-08-15,119,13,73207179,56142586.88,76.69
551,2017-02-07,2017-04-07,58,13,75268281,14014954.24,18.62
552,2006-04-22,2012-04-06,2176,13,16171556,2686095.68,16.61
553,2012-11-09,2015-08-13,1007,13,93300545,39083596.8,41.89
554,2004-02-21,2012-11-09,3184,13,43756964,36130124.8,82.57
555,2015-10-24,2017-01-11,444,13,32428327,19985579.52,61.63
556,2011-02-22,2012-08-29,554,13,82390566,55242880,67.05
557,2012-08-19,2016-03-14,1302,13,11870402,6452750.72,54.36
558,2014-07-31,2015-07-07,340,13,35544536,6657491.2,18.73
559,2013-10-17,2016-01-16,820,13,22867232,8323672.96,36.4
560,2004-10-02,2016-10-15,4395,13,77938779,22633420.8,29.04
561,2013-06-06,2013-09-20,106,13,91517234,86602752,94.63
562,2009-10-26,2012-07-08,985,13,97400316,55060398.08,56.53
563,2010-12-11,2016-01-09,1855,13,12213764,1657407.68,13.57
564,2010-10-31,2014-12-14,1505,13,35153929,8173288.32,23.25
565,2014-03-04,2016-10-19,960,13,36901105,35974886.4,97.49
566,2015-09-13,2016-04-29,229,13,13502757,9973136.64,73.86
567,2009-04-05,2011-03-28,722,13,20026336,498655.76,2.49
568,2014-06-23,2016-12-03,894,13,75103906,23537564.16,31.34
569,2014-06-03,2016-05-07,703,13,76651599,65652096,85.65
570,2012-01-15,2013-02-13,395,13,98759346,7643973.12,7.74
571,2005-01-17,2015-12-15,3983,13,40234716,33869583.36,84.18
572,2008-05-29,2013-08-20,1909,13,93193345,89446973.44,95.98
573,2004-05-23,2011-10-01,2686,13,82726097,21955507.2,26.54
574,2004-05-14,2004-06-22,38,13,67539559,45035376.64,66.68
575,2008-08-16,2017-01-30,3088,13,16278538,12213786.88,75.03
576,2016-05-16,2017-02-01,261,13,36414610,14842593.28,40.76
577,2016-02-27,2016-07-16,139,13,91366077,5847429.12,6.4
578,2010-08-26,2015-09-10,1841,13,72808026,33448005.12,45.94
579,2013-10-03,2014-08-09,310,13,15327092,2341979.68,15.28
580,2012-01-28,2012-11-25,301,13,73352111,71797043.2,97.88
581,2016-07-25,2016-09-12,48,13,91823654,32808591.36,35.73
582,2005-12-08,2014-03-27,3031,13,79740617,74517601.28,93.45
583,2014-03-19,2015-06-07,445,13,73729406,67101137.92,91.01
584,2014-07-25,2015-12-02,494,13,59146572,38072650.24,64.37
585,2010-02-26,2011-06-27,485,13,80595896,5117839.36,6.35
586,2013-07-24,2016-03-07,957,13,61339634,51359677.44,83.73
587,2004-05-21,2007-03-03,1015,13,7625819,5670559.36,74.36
588,2017-06-03,2017-06-14,11,13,24736196,4890345.92,19.77
589,2004-06-11,2012-04-18,2868,13,42887968,12484687.36,29.11
590,2006-04-18,2015-11-04,3486,13,719813,322116.32,44.75
591,2009-09-21,2009-12-17,87,13,55842722,20784660.48,37.22
592,2005-02-11,2014-05-14,3378,13,67644910,6629201.28,9.8
593,2007-05-26,2008-07-06,406,13,99802253,49581762.56,49.68
594,2011-09-21,2013-10-18,757,13,78810849,53473157.12,67.85
595,2015-12-10,2016-08-27,261,13,99380351,62559933.44,62.95
596,2015-08-16,2015-09-27,42,13,51355085,15514370.56,30.21
597,2009-03-12,2010-01-05,298,13,90425637,58333583.36,64.51
598,2009-01-15,2015-08-02,2389,13,77468341,26037109.76,33.61
599,2004-06-01,2007-02-01,975,13,54850535,5468598.4,9.97
600,2007-07-07,2012-08-11,1861,13,73133342,9573154.56,13.09
601,2015-02-03,2015-09-12,221,13,79707465,398537.32,0.5
602,2014-01-29,2014-11-28,303,13,83368370,77399188.48,92.84
603,2008-05-29,2014-01-04,2045,13,94782782,90602864.64,95.59
604,2008-06-02,2010-02-22,629,13,69643555,45700101.12,65.62
605,2016-12-29,2017-04-14,106,13,6045608,591865.04,9.79
606,2013-12-21,2016-03-20,820,13,34790352,4230506.88,12.16
607,2017-05-22,2017-05-29,7,13,31529921,7084773.12,22.47
608,2015-01-05,2016-10-23,657,13,67393949,43415183.36,64.42
609,2006-07-28,2008-01-07,527,13,100740259,24217958.4,24.04
610,2008-02-05,2009-09-29,602,13,64433053,53009070.08,82.27
611,2012-10-07,2014-05-19,588,13,33195339,17703075.84,53.33
612,2007-04-15,2012-12-28,2084,13,11150478,890923.2,7.99
613,2013-04-03,2017-03-14,1441,13,81156866,66921948.16,82.46
614,2013-02-23,2016-06-06,1199,13,97202656,71541155.84,73.6
615,2016-03-14,2017-03-03,354,13,27715656,13771909.12,49.69
616,2017-02-11,2017-05-13,90,13,75530144,53973841.92,71.46
617,2007-04-18,2008-07-09,447,13,58968695,55572096,94.24
618,2009-08-10,2012-01-15,887,13,66685261,3607672.32,5.41
619,2005-05-30,2010-07-18,1874,13,73373069,67620623.36,92.16
620,2006-01-12,2015-10-01,3549,13,56213493,25093703.68,44.64
621,2016-04-10,2016-07-20,101,13,55750183,15258826.24,27.37
622,2010-07-29,2013-03-20,965,13,68213182,8628967.68,12.65
623,2008-01-31,2013-05-07,1922,13,75680541,35781760,47.28
624,2014-05-28,2015-04-28,335,13,27929521,10881340.16,38.96
625,2015-01-24,2015-05-23,119,13,53053758,34628188.16,65.27
626,2012-12-29,2016-05-20,1238,13,91506261,61876536.32,67.62
627,2014-06-20,2016-04-08,658,13,14481216,9900807.68,68.37
628,2014-12-24,2015-06-17,175,13,73642542,53464483.84,72.6
629,2005-08-07,2013-03-11,2773,13,39485239,25159994.88,63.72
630,2015-12-31,2016-04-03,93,13,20029211,4716879.36,23.55
631,2005-03-05,2007-11-08,977,13,36421033,2298167.04,6.31
632,2017-03-07,2017-05-24,78,13,33205371,26185756.16,78.86
633,2005-03-03,2010-05-10,1894,13,13931059,13659403.52,98.05
634,2009-06-29,2012-02-17,963,13,23282183,20770036.48,89.21
635,2011-05-12,2014-01-04,968,13,51262001,8694034.56,16.96
636,2013-12-04,2015-06-26,569,13,47176552,44322370.56,93.95
637,2014-10-25,2016-11-30,766,13,38086064,28518842.88,74.88
638,2014-10-24,2015-08-26,306,13,93815991,75831470.08,80.83
639,2006-08-23,2008-05-12,627,13,75393292,55889049.6,74.13
640,2011-02-17,2014-10-26,1346,13,98957828,45787786.24,46.27
641,2009-06-15,2011-05-31,715,13,72710813,66174115.84,91.01
642,2010-03-14,2015-03-23,1834,13,66243936,59407559.68,89.68
643,2014-07-29,2017-05-08,1014,13,31413133,7338107.52,23.36
644,2009-03-07,2013-03-19,1473,13,21435641,5461800.96,25.48
645,2010-04-12,2015-05-23,1866,13,64453507,30015997.44,46.57
646,2006-10-27,2015-07-05,3173,13,82994769,65665464.32,79.12
647,2008-05-13,2010-06-30,777,13,17417365,10967714.56,62.97
648,2006-03-02,2011-05-30,1915,13,39742014,1915565.28,4.82
649,2006-02-25,2007-01-09,318,13,55111959,29303027.2,53.17
650,2007-01-10,2009-05-28,868,13,77861968,2008838.72,2.58
651,2010-06-26,2017-03-18,2457,13,23298451,7499771.52,32.19
652,2010-10-12,2012-05-11,576,13,18430755,15618222.08,84.74
653,2008-01-15,2010-10-27,1016,13,49596694,36835463.68,74.27
654,2006-08-05,2012-04-26,2091,13,52025630,24238743.04,46.59
655,2012-11-07,2014-01-19,437,13,33893680,31300812.8,92.35
656,2008-06-14,2009-09-30,473,13,2417387,1200474.4,49.66
657,2006-06-16,2010-08-11,1517,13,62799691,33070318.08,52.66
658,2007-06-02,2013-07-11,2231,13,25467316,14282071.04,56.08
659,2008-07-17,2016-11-25,3053,13,64837308,43090872.32,66.46
660,2012-08-17,2017-03-02,1658,13,39783982,16932064,42.56
661,2007-08-20,2009-12-19,851,13,36951474,36932994.56,99.95
662,2011-09-06,2015-02-25,1267,13,54425415,39001254.4,71.66
663,2008-05-23,2016-12-06,3118,13,12456605,5872043.52,47.14
664,2016-11-20,2017-06-12,203,13,32381786,11013044.48,34.01
665,2011-01-28,2013-01-19,721,13,85983240,33739824.64,39.24
666,2009-10-30,2011-10-29,728,13,29464741,23733849.6,80.55
667,2007-09-06,2007-12-01,85,13,24278875,10155854.08,41.83
668,2017-03-22,2017-05-11,49,13,63670433,27645701.12,43.42
669,2015-11-06,2016-09-25,323,13,83695898,5959147.52,7.12
670,2005-12-25,2012-05-04,2321,13,94552746,54131445.76,57.25
671,2010-11-24,2014-03-21,1213,13,28210125,15727143.68,55.75
672,2016-05-06,2016-07-14,69,13,19322930,14312494.08,74.07
673,2010-01-04,2010-09-06,245,13,94683017,50882652.16,53.74
674,2012-02-21,2012-05-15,83,13,70676441,60555576.32,85.68
675,2008-10-08,2014-12-13,2257,13,4181736,2008487.68,48.03
676,2004-05-20,2016-11-02,4549,13,27269743,11134237.44,40.83
677,2013-10-26,2016-07-01,979,13,82445386,18352343.04,22.26
678,2008-06-20,2013-04-03,1748,13,90385177,47135872,52.15
679,2015-07-11,2017-05-10,668,13,97734414,87032504.32,89.05
680,2014-09-21,2016-09-27,736,13,49567427,41393761.28,83.51
681,2015-04-04,2015-11-10,219,13,45655162,38628830.72,84.61
682,2006-08-17,2010-04-12,1334,13,5969678,429816.8,7.2
683,2010-06-24,2016-12-07,2357,13,47691422,13062680.32,27.39
684,2008-01-17,2008-10-29,285,13,89445146,5831823.36,6.52
685,2006-05-14,2014-10-18,3078,13,87566421,35324295.68,40.34
686,2015-03-24,2015-11-07,228,13,26111119,18873117.44,72.28
687,2004-09-28,2006-11-21,783,13,39580083,29875048.96,75.48
688,2008-05-19,2010-06-15,757,13,815636,249584.62,30.6
689,2005-07-04,2015-03-07,3532,13,17098443,13001657.6,76.04
690,2010-05-27,2017-02-15,2456,13,88539077,81712716.8,92.29
691,2016-04-21,2017-02-18,303,13,20441196,12620394.24,61.74
692,2012-10-13,2015-12-17,1159,13,29057853,3829824.96,13.18
693,2008-05-18,2009-12-26,587,13,7318486,5298584,72.4
694,2013-05-14,2013-07-25,71,13,92705703,24724610.56,26.67
695,2012-03-15,2014-05-12,787,13,100556547,55366435.84,55.06
696,2016-02-10,2016-05-19,99,13,93365812,38251973.12,40.97
697,2010-03-03,2012-07-31,881,13,65183099,63514414.08,97.44
698,2013-02-06,2015-04-26,808,13,17378945,12895175.68,74.2
699,2008-12-11,2010-09-01,628,13,74610412,3521611.52,4.72
700,2017-06-12,2017-06-13,0,13,30175561,23392092.16,77.52
701,2012-07-15,2013-12-09,512,13,39754626,39031091.2,98.18
702,2004-07-19,2006-11-11,844,13,95618158,67554232.32,70.65
703,2014-02-07,2016-05-04,817,13,100352940,48149340.16,47.98
704,2012-06-25,2012-07-02,7,13,4703149,3669867.2,78.03
705,2015-06-15,2016-06-04,355,13,95613879,10813930.24,11.31
706,2008-03-13,2009-01-23,316,13,23886262,17353369.6,72.65
707,2015-11-03,2016-07-17,256,13,64068466,52369561.6,81.74
708,2013-07-18,2014-08-02,379,13,22219317,1544242.4,6.95
709,2014-12-31,2017-02-20,782,13,66969785,18825207.04,28.11
710,2007-04-13,2016-08-06,3403,13,99146618,10222016.64,10.31
711,2015-10-25,2017-04-27,550,13,88842718,13193144.32,14.85
712,2008-06-18,2017-02-05,3153,13,77157603,59905162.24,77.64
713,2017-04-19,2017-04-25,6,13,43246489,31297484.8,72.37
714,2016-06-07,2016-09-18,103,13,5354178,2258927.68,42.19
715,2017-03-23,2017-03-29,6,13,65466812,42258828.8,64.55
716,2014-03-13,2016-10-04,936,13,4503473,3286184.32,72.97
717,2009-06-30,2016-12-19,2729,13,96543514,1390226.56,1.44
718,2014-11-28,2015-03-27,118,13,56665943,15095806.72,26.64
719,2014-06-07,2015-06-02,360,13,7489588,5088426.24,67.94
720,2012-06-04,2013-04-16,315,13,10778273,6113436.8,56.72
721,2015-02-11,2015-02-22,10,13,57340987,31571947.52,55.06
722,2010-07-01,2015-12-15,1993,13,99005132,24236456.96,24.48
723,2009-03-04,2017-04-15,2964,13,13863402,5115595.52,36.9
724,2013-12-24,2017-04-12,1204,13,20148890,5692061.44,28.25
725,2015-06-07,2016-01-03,210,13,30569147,6661017.6,21.79
726,2016-05-12,2017-05-16,368,13,14361494,13294434.56,92.57
727,2011-11-21,2013-12-27,767,13,49558054,46525102.08,93.88
728,2013-08-18,2015-05-30,649,13,15997680,4760909.76,29.76
729,2008-05-28,2009-12-09,559,13,12098658,9057055.36,74.86
730,2017-02-19,2017-04-07,47,13,61617901,12446816,20.2
731,2006-02-02,2008-02-13,741,13,69041661,44200468.48,64.02
732,2008-11-07,2012-08-09,1371,13,6227018,1922903.04,30.88
733,2008-04-02,2015-09-03,2709,13,38079987,4942782.4,12.98
734,2012-01-31,2013-09-14,591,13,16912033,13012117.76,76.94
735,2009-12-16,2014-06-05,1631,13,14249909,9493289.6,66.62
736,2004-08-27,2010-10-22,2246,13,86836176,14458223.36,16.65
737,2017-02-17,2017-04-21,63,13,35420448,26281971.2,74.2
738,2016-11-28,2017-04-29,152,13,27114932,12901285.12,47.58
739,2006-12-26,2009-03-21,815,13,3700253,2135416,57.71
740,2006-05-17,2011-01-11,1699,13,1124332,535969.04,47.67
741,2014-08-19,2015-05-07,260,13,1395955,1020024.32,73.07
742,2015-12-10,2016-07-25,227,13,97063045,13190868.48,13.59
743,2009-03-23,2010-07-27,491,13,25384370,22541322.24,88.8
744,2009-05-20,2011-03-07,656,13,16461340,6441322.24,39.13
745,2010-09-21,2013-03-28,919,13,48123512,4480299.2,9.31
746,2004-09-28,2006-02-06,496,13,91335107,88430643.2,96.82
747,2017-03-08,2017-05-07,59,13,82563624,18089689.6,21.91
748,2011-12-16,2015-06-17,1278,13,58131699,13370291.2,23.0
749,2008-01-13,2017-03-02,3335,13,15730631,1187662.64,7.55
750,2014-04-02,2017-05-16,1140,13,49220783,10395429.76,21.12
751,2017-03-06,2017-06-08,94,13,48420723,47689569.28,98.49
752,2008-01-09,2009-06-01,508,13,22640350,14326813.44,63.28
753,2007-10-05,2008-08-20,319,13,49782286,11439969.28,22.98
754,2014-02-12,2014-06-16,123,13,45532051,13409189.12,29.45
755,2011-04-05,2012-07-23,474,13,13374208,5294848.96,39.59
756,2005-07-20,2006-03-12,234,13,21350168,17705694.72,82.93
757,2016-08-11,2017-04-03,234,13,31122002,5605072.64,18.01
758,2013-08-06,2016-11-22,1203,13,90229393,71082716.16,78.78
759,2008-06-16,2016-02-25,2809,13,43550746,16832363.52,38.65
760,2017-02-09,2017-02-26,16,13,70948923,46819189.76,65.99
761,2014-03-11,2016-08-16,889,13,74103842,45507169.28,61.41
762,2012-06-09,2016-05-06,1426,13,6771679,3826675.84,56.51
763,2007-11-17,2016-08-17,3196,13,83090392,82118236.16,98.83
764,2006-04-09,2011-06-19,1897,13,37683226,36729838.08,97.47
765,2007-08-06,2016-12-30,3433,13,52087121,23814231.04,45.72
766,2015-05-30,2016-10-22,511,13,40909371,1149553.36,2.81
767,2014-06-26,2016-07-19,753,13,1201720,500876.88,41.68
768,2009-04-16,2011-03-19,702,13,43774604,2118690.88,4.84
769,2007-10-13,2016-04-27,3118,13,58268186,12446083.84,21.36
770,2007-02-19,2011-11-18,1733,13,41491035,24006714.88,57.86
771,2014-07-11,2016-03-01,599,13,99435708,53784775.68,54.09
772,2015-12-06,2016-02-17,72,13,99333741,93850521.6,94.48
773,2004-07-06,2015-09-07,4080,13,56060206,24089072.64,42.97
774,2010-07-11,2014-06-26,1445,13,86118455,14063143.68,16.33
775,2009-04-03,2009-12-28,268,13,84908128,82106158.08,96.7
776,2004-03-08,2017-01-05,4685,13,59014908,18371340.8,31.13
777,2009-02-07,2009-08-12,186,13,48165653,12985459.2,26.96
778,2008-11-21,2015-07-17,2428,13,66658493,65411978.24,98.13
779,2004-06-20,2011-01-04,2389,13,48823606,34625702.4,70.92
780,2013-08-04,2016-07-25,1086,13,53225538,22285532.16,41.87
781,2007-08-11,2009-10-11,792,13,65525047,58979097.6,90.01
782,2008-10-30,2014-04-15,1992,13,89095679,20999851.52,23.57
783,2008-08-05,2010-12-17,863,13,45225534,8167731.84,18.06
784,2012-01-12,2015-09-26,1353,13,17212951,13756591.36,79.92
785,2015-09-29,2016-12-20,447,13,97116719,49956838.4,51.44
786,2004-12-22,2014-06-14,3461,13,80570007,19143434.24,23.76
787,2015-09-25,2016-08-19,328,13,5978654,1919147.84,32.1
788,2007-03-11,2015-07-18,3050,13,78264550,66368343.04,84.8
789,2014-05-08,2015-07-03,420,13,92517243,54797962.24,59.23
790,2016-03-15,2016-03-28,13,13,20332590,16099344.64,79.18
791,2005-06-27,2013-07-14,2938,13,71325981,63872419.84,89.55
792,2004-02-17,2005-02-06,354,13,89537429,74862248.96,83.61
793,2012-08-02,2013-08-13,375,13,17176419,5523936.64,32.16
794,2006-07-28,2012-03-01,2043,13,54933256,39337704.96,71.61
795,2011-10-29,2015-02-05,1195,13,12336651,3687424.96,29.89
796,2012-01-16,2015-06-27,1257,13,45340376,18639429.12,41.11
797,2004-09-07,2016-01-24,4156,13,34893045,21804664.32,62.49
798,2004-08-27,2015-02-27,3836,13,95645378,72728744.96,76.04
799,2005-02-27,2006-12-18,659,13,7812015,4727831.36,60.52
800,2014-06-09,2015-07-06,392,13,66275094,11339669.76,17.11
801,2017-05-12,2017-06-04,22,13,55586653,34891742.72,62.77
802,2007-12-18,2012-01-15,1489,13,2894919,138087.64,4.77
803,2004-06-02,2016-04-09,4329,13,60657572,54494760.96,89.84
804,2010-10-19,2013-03-07,870,13,75849776,36218268.16,47.75
805,2016-12-12,2017-05-16,154,13,23852883,15595014.4,65.38
806,2015-07-09,2017-03-28,628,13,10237139,5402138.24,52.77
807,2016-03-28,2017-05-05,402,13,44112038,10264871.68,23.27
808,2013-03-16,2013-12-24,283,13,17809325,8584094.08,48.2
809,2013-10-27,2016-04-29,914,13,39215677,38850969.6,99.07
810,2015-11-09,2017-05-12,550,13,34343204,34040985.6,99.12
811,2015-07-30,2016-01-10,163,13,74291774,13521103.36,18.2
812,2007-02-13,2012-10-08,2064,13,60131105,58303119.36,96.96
813,2014-10-11,2016-12-01,781,13,37136331,29579089.92,79.65
814,2011-12-04,2016-05-26,1635,13,55240041,49263068.16,89.18
815,2009-03-15,2011-04-19,765,13,2476755,1020423.04,41.2
816,2004-04-26,2011-11-25,2769,13,25637052,22693918.72,88.52
817,2012-07-05,2014-02-01,575,13,75696282,72660858.88,95.99
818,2009-05-07,2014-09-09,1950,13,66673980,24175984.64,36.26
819,2007-05-10,2012-08-10,1918,13,70129165,14488686.08,20.66
820,2005-08-05,2008-10-30,1181,13,34715921,23228423.68,66.91
821,2010-08-19,2012-08-18,729,13,82629652,70416988.16,85.22
822,2007-03-20,2009-02-01,684,13,88785694,74189327.36,83.56
823,2016-05-21,2016-10-05,136,13,90755114,81307499.52,89.59
824,2017-06-07,2017-06-14,6,13,46183627,38581803.52,83.54
825,2011-08-20,2015-04-03,1321,13,14157426,1027829.2,7.26
826,2004-05-12,2016-01-19,4268,13,52120998,7307364.48,14.02
827,2013-05-05,2013-10-08,155,13,97800870,35218091.52,36.01
828,2015-04-10,2016-10-19,558,13,2983532,138734.24,4.65
829,2009-06-19,2017-02-10,2793,13,23381369,2892275.2,12.37
830,2015-09-27,2016-06-19,265,13,85068540,17660230.4,20.76
831,2015-08-11,2017-05-30,657,13,90641430,1794700.32,1.98
832,2009-02-26,2011-06-23,847,13,18223697,15016326.4,82.4
833,2008-11-14,2009-08-05,264,13,41525767,39781685.76,95.8
834,2009-04-05,2012-09-28,1271,13,64526037,49994772.48,77.48
835,2013-11-18,2016-02-28,832,13,17584442,5663948.8,32.21
836,2008-02-02,2015-11-07,2835,13,98292106,20818268.16,21.18
837,2007-05-01,2012-12-30,2070,13,54407390,39173322.24,72.0
838,2008-03-07,2009-05-19,437,13,78935965,74626063.36,94.54
839,2007-06-30,2009-11-17,870,13,40774979,15249843.2,37.4
840,2011-10-17,2015-08-06,1388,13,49004096,46299069.44,94.48
841,2010-07-09,2014-12-03,1607,13,44454564,28153075.2,63.33
842,2009-10-06,2011-10-15,738,13,40657712,24260456.96,59.67
843,2015-06-06,2015-10-23,139,13,43945822,12164204.8,27.68
844,2005-11-27,2011-01-23,1883,13,5662435,838606.64,14.81
845,2004-12-31,2005-12-18,352,13,1869709,1477444,79.02
846,2016-09-03,2017-02-19,169,13,66170775,2150550.24,3.25
847,2013-06-24,2014-07-01,372,13,47283355,5848951.04,12.37
848,2014-04-13,2015-11-19,584,13,64950019,18406835.2,28.34
849,2009-06-30,2017-02-11,2782,13,52242645,17705031.68,33.89
850,2010-09-16,2013-01-19,856,13,90521820,24812032,27.41
851,2009-03-06,2012-03-26,1115,13,8439919,7968128,94.41
852,2014-07-01,2016-01-20,567,13,9930868,3593981.12,36.19
853,2005-06-10,2006-02-22,256,13,12928972,11439554.56,88.48
854,2010-08-26,2016-05-23,2096,13,39551752,6692156.16,16.92
855,2016-10-23,2016-11-17,25,13,80890842,7789788.16,9.63
856,2012-09-07,2015-09-12,1100,13,43588409,13351129.6,30.63
857,2004-07-19,2014-03-25,3535,13,40609608,2115760.64,5.21
858,2005-11-05,2016-05-05,3833,13,83497007,71081000.96,85.13
859,2005-02-16,2012-01-18,2527,13,29079682,5696709.76,19.59
860,2015-06-14,2015-12-30,199,13,64490096,6642480,10.3
861,2006-09-28,2015-03-15,3089,13,40765432,652246.92,1.6
862,2006-02-03,2014-09-16,3146,13,71488553,28216532.48,39.47
863,2009-06-18,2013-07-04,1476,13,25184009,4281281.28,17.0
864,2004-05-18,2009-07-19,1887,13,2122652,1440007.04,67.84
865,2016-07-29,2017-02-25,210,13,22712686,19187677.44,84.48
866,2008-11-16,2017-04-15,3071,13,21968304,6753056.64,30.74
867,2009-11-02,2013-12-19,1508,13,15956360,1766368.96,11.07
868,2014-08-28,2015-04-27,241,13,58727425,44527134.72,75.82
869,2010-11-22,2015-05-30,1649,13,34844636,33186030.08,95.24
870,2013-04-19,2014-11-09,568,13,65515581,54888949.76,83.78
871,2008-10-02,2010-09-30,727,13,60951010,22618918.4,37.11
872,2012-10-10,2015-12-25,1171,13,72333330,70279065.6,97.16
873,2009-09-22,2013-10-01,1469,13,4820613,2043940,42.4
874,2014-11-12,2017-06-14,945,13,15950344,15074670.08,94.51
875,2004-05-29,2004-12-07,192,13,39124225,2413964.64,6.17
876,2011-10-02,2014-11-20,1145,13,66331970,40031342.08,60.35
877,2004-06-15,2015-08-12,4074,13,79426466,76074664.96,95.78
878,2017-02-18,2017-04-30,71,13,51970085,20050059.52,38.58
879,2014-02-08,2014-12-22,317,13,98005457,93154191.36,95.05
880,2009-02-10,2015-06-04,2304,13,69144471,20363047.68,29.45
881,2008-06-09,2008-07-07,27,13,11084405,9760926.72,88.06
882,2004-07-31,2012-08-09,2931,13,59983811,33698905.6,56.18
883,2014-08-25,2016-11-12,809,13,93683567,20010810.88,21.36
884,2009-05-27,2009-06-14,18,13,98241,76009.07,77.37
885,2009-06-03,2010-04-13,314,13,75496955,61401671.68,81.33
886,2007-01-28,2009-06-07,861,13,43825267,34556224,78.85
887,2007-11-18,2008-03-02,104,13,14286040,8988776.32,62.92
888,2011-10-17,2015-09-05,1418,13,26995839,10798336,40.0
889,2004-03-09,2011-07-10,2678,13,3909968,3569409.92,91.29
890,2011-09-01,2015-10-01,1491,13,84858398,70508840.96,83.09
891,2011-04-15,2012-11-15,579,13,100893407,65913666.56,65.33
892,2010-02-01,2012-02-01,729,13,90731423,8374510.08,9.23
893,2011-06-03,2015-04-27,1424,13,93981372,7687676.8,8.18
894,2014-10-26,2016-08-29,673,13,44543917,23403374.08,52.54
895,2011-02-08,2013-05-05,817,13,25684491,408383.44,1.59
896,2009-11-02,2012-10-27,1090,13,61479301,7789427.2,12.67
897,2011-10-16,2012-09-13,332,13,48667138,18707646.72,38.44
898,2005-02-04,2014-03-19,3330,13,35669001,20630949.12,57.84
899,2014-09-10,2014-09-23,13,13,12714519,4704372.16,37.0
900,2014-12-29,2016-06-15,533,13,14192862,245536.52,1.73
901,2010-01-27,2015-05-10,1928,13,37319240,30295759.36,81.18
902,2009-06-30,2015-05-29,2159,13,66827489,66520084.48,99.54
903,2005-03-16,2013-11-08,3159,13,19644738,10582620.16,53.87
904,2009-09-28,2016-12-06,2625,13,90738117,81990968.32,90.36
905,2013-01-05,2016-06-27,1268,13,67959920,29406256.64,43.27
906,2012-11-18,2014-03-11,478,13,20200536,6538913.28,32.37
907,2006-12-21,2008-11-15,694,13,11463158,11138750.72,97.17
908,2009-02-10,2015-12-13,2497,13,62039127,2134146.08,3.44
909,2004-10-25,2008-07-05,1348,13,91526983,52939207.68,57.84
910,2015-01-28,2016-06-17,506,13,201973,175595.34,86.94
911,2012-03-10,2014-03-02,721,13,74245576,7424557.44,10.0
912,2011-06-20,2017-06-02,2174,13,16027269,251628.14,1.57
913,2012-11-13,2013-11-14,365,13,55591525,52756357.12,94.9
914,2007-06-25,2013-02-25,2072,13,4160892,381969.88,9.18
915,2007-04-21,2017-01-14,3555,13,49733646,43104153.6,86.67
916,2007-08-10,2014-02-02,2368,13,90516383,2018515.36,2.23
917,2009-06-12,2009-12-04,174,13,64770053,22779624.96,35.17
918,2004-03-11,2016-09-29,4585,13,97781922,51824419.84,53.0
919,2006-01-18,2015-05-25,3413,13,52889589,386094,0.73
920,2011-04-26,2012-10-13,535,13,62411018,2165662.24,3.47
921,2008-05-15,2012-02-04,1360,13,66918999,7488235.52,11.19
922,2015-06-15,2015-09-05,82,13,21855955,6600498.56,30.2
923,2005-12-10,2014-05-02,3065,13,13151744,12503362.56,95.07
924,2013-04-03,2016-02-18,1050,13,14561342,10484166.4,72.0
925,2013-11-13,2016-05-03,902,13,12896949,4408177.28,34.18
926,2008-06-13,2008-07-12,29,13,21276231,15450800.64,72.62
927,2005-05-01,2010-07-20,1906,13,76814855,38983539.2,50.75
928,2010-12-29,2014-01-15,1113,13,56957140,21489927.68,37.73
929,2016-10-14,2017-05-22,220,13,35936706,27962347.52,77.81
930,2009-02-01,2015-10-21,2453,13,23332267,6150385.92,26.36
931,2009-10-11,2009-12-03,52,13,90993865,20510017.28,22.54
932,2011-11-11,2013-10-07,695,13,55354511,18089854.72,32.68
933,2010-02-13,2016-03-03,2210,13,89865851,22331663.36,24.85
934,2017-01-16,2017-01-20,3,13,87796654,27497912.32,31.32
935,2017-05-28,2017-06-04,6,13,18075716,5589011.2,30.92
936,2009-02-23,2012-11-01,1347,13,79001222,39698114.56,50.25
937,2009-12-13,2011-07-26,590,13,66185811,35707246.08,53.95
938,2014-09-10,2014-10-26,45,13,51491973,16245716.48,31.55
939,2010-02-09,2014-05-21,1562,13,30598127,2230603.52,7.29
940,2010-08-22,2012-01-30,525,13,42930263,29849413.12,69.53
941,2009-07-27,2014-04-11,1719,13,87265488,12217168.64,14.0
942,2015-04-01,2015-12-25,267,13,85733475,44830033.92,52.29
943,2004-11-06,2010-03-06,1945,13,5999599,1657689.12,27.63
944,2013-08-28,2017-03-05,1285,13,92132420,65285032.96,70.86
945,2008-08-04,2015-09-27,2609,13,88450773,4484454.4,5.07
946,2010-11-05,2011-07-28,264,13,86142446,66691481.6,77.42
947,2006-04-13,2013-09-19,2716,13,65977678,31867217.92,48.3
948,2008-09-05,2016-02-20,2724,13,95470902,93408727.04,97.84
949,2004-09-08,2009-01-31,1605,13,2238543,312276.74,13.95
950,2014-06-21,2016-08-05,776,13,36505705,9327207.04,25.55
951,2012-01-05,2016-09-23,1722,13,41308590,30646845.44,74.19
952,2012-10-02,2014-04-09,554,13,31295772,27271134.72,87.14
953,2009-12-27,2013-06-29,1279,13,85228766,28781754.88,33.77
954,2010-09-30,2013-12-20,1176,13,16239160,2406643.52,14.82
955,2005-11-16,2017-02-05,4098,13,17091503,2507323.68,14.67
956,2007-01-17,2011-09-26,1713,13,69577255,40890554.88,58.77
957,2015-03-11,2017-01-30,690,13,61785693,48174305.28,77.97
958,2008-10-17,2014-10-12,2186,13,16326948,12382356.48,75.84
959,2004-08-19,2011-10-07,2604,13,8259456,3003964.16,36.37
960,2011-01-06,2015-05-16,1591,13,22477607,7613165.44,33.87
961,2012-03-10,2015-05-31,1176,13,69168531,59450347.52,85.95
962,2016-11-13,2017-03-15,121,13,48793036,38995394.56,79.92
963,2007-09-23,2017-05-10,3516,13,27152348,14013327.36,51.61
964,2006-11-06,2014-04-13,2715,13,19067937,6322927.36,33.16
965,2013-11-25,2015-09-10,654,13,86329211,76824360.96,88.99
966,2006-08-07,2010-08-29,1482,13,7455444,1964509.6,26.35
967,2016-11-10,2017-05-09,180,13,9447308,3448267.52,36.5
968,2016-10-29,2017-03-05,126,13,83384519,72986470.4,87.53
969,2004-08-06,2011-09-05,2585,13,12012176,11997761.28,99.88
970,2012-08-06,2013-05-05,272,13,30002991,8256823.68,27.52
971,2012-08-25,2014-06-03,646,13,74881663,20959377.92,27.99
972,2015-12-18,2016-12-25,372,13,18878661,16630210.56,88.09
973,2006-11-25,2009-03-30,855,13,43711876,14595394.56,33.39
974,2007-06-08,2015-10-17,3052,13,73032654,3213436.8,4.4
975,2009-11-06,2012-07-28,995,13,23426263,19635895.04,83.82
976,2009-03-27,2014-05-19,1879,13,30576887,10472584.32,34.25
977,2009-01-27,2015-02-23,2218,13,38551747,17379128.32,45.08
978,2016-11-16,2017-05-20,184,13,22811281,12137881.6,53.21
979,2012-12-12,2016-03-17,1190,13,39674833,35647836.16,89.85
980,2006-01-20,2010-03-09,1509,13,25441701,15056398.08,59.18
981,2010-06-02,2017-05-07,2531,13,3990039,1403296.64,35.17
982,2004-10-25,2012-02-03,2656,13,86024774,84175242.24,97.85
983,2009-07-11,2012-05-04,1027,13,61961182,539062.32,0.87
984,2015-07-17,2016-05-30,317,13,29602536,29569973.76,99.89
985,2015-05-18,2015-07-11,53,13,17871091,6349598.72,35.53
986,2004-11-01,2012-04-25,2732,13,24240886,7376501.76,30.43
987,2004-11-11,2012-09-16,2865,13,93333617,15381379.84,16.48
988,2011-01-10,2012-07-31,568,13,30523076,26698534.4,87.47
989,2008-02-26,2017-02-11,3272,13,6124404,5211255.04,85.09
990,2010-07-14,2012-04-07,633,13,55860928,32086515.2,57.44
991,2009-02-09,2016-03-08,2584,13,31870835,21974940.16,68.95
992,2007-08-22,2008-06-06,288,13,55979530,15741443.84,28.12
993,2012-06-23,2014-08-21,788,13,42661448,15392250.88,36.08
994,2015-11-03,2017-06-01,575,13,23534811,3186613.44,13.54
995,2005-09-02,2007-07-02,668,13,21092767,5648643.2,26.78
996,2005-12-13,2016-02-22,3722,13,57015796,56035123.2,98.28
997,2012-10-14,2015-08-28,1047,13,59846718,37057088,61.92
998,2012-12-11,2014-01-17,402,13,93321833,52362880,56.11
999,2012-10-04,2014-06-02,605,13,5109762,504844.48,9.88
1000,2011-04-11,2016-06-14,1890,13,48165897,2721373.12,5.65
